{"cameraMode":{"drawMode":0,"name":"Shaded","section":"Shading Mode"},"sceneLighting":true,"audioPlay":false,"sceneViewState":{"showFog":true,"showMaterialUpdate":false,"showSkybox":true,"showFlares":true,"showImageEffects":true,"showParticleSystems":true},"in2DMode":false,"pivot":{"x":246.5533905029297,"y":334.1458435058594,"z":213.5108642578125},"rotation":{"x":0.012074120342731476,"y":0.981233537197113,"z":-0.18098686635494233,"w":0.06545840948820114},"size":867.0159912109375,"orthographic":false}